Workbook

Sheet Redovni promet
D2: WIZZ AIR HUNGARY (W6) | I2: WIZZAIR MALTA (W4) | S2: LUMIWINGS S.A.
D4: MLH | I4: DTM | N4: FMM | S4: HAD | X4: NYO | AC4: MST | AH4: EBJ | AM4: SCN
B5: Datum | D5: Ukrcano | F5: Iskrcano | I5: Ukrcano | K5: Iskrcano | N5: Ukrcano | P5: Iskrcano | S5: Ukrcano | U5: Iskrcano | X5: Ukrcano | Z5: Iskrcano | AC5: Ukrcano | AE5: Iskrcano | AH5: Ukrcano | AJ5: Iskrcano | AM5: Ukrcano | AO5: Iskrcano
B6: 1 DECEMBAR | D6: 211 | E6: 1 | F6: 190 | G6: 1
B7: 2 DECEMBAR | I7: 160 | J7: 1 | K7: 166 | L7: 8 | N7: 172 | O7: 4 | P7: 0 | Q7: 0
B8: 3 DECEMBAR | N8: 157 | O8: 2 | P8: 165 | Q8: 8 | AS8: UKUPNO | AV8: BR.LETOVA | AW8: UKRCANO | AX8: ISKRCANO | AY8: UKUPNO
B9: 4 DECEMBAR | D9: 209 | E9: 2 | F9: 192 | G9: 6 | AS9: WIZZ AIR HUNGARY LTD | AV9: =COUNTA(D6:D36) -> 12 | AW9: =D38 -> 2130 | AX9: =F38 -> 2303 | AY9: =SUM(AW9:AX9) -> 4433
B10: 5 DECEMBAR | I10: 164 | J10: 1 | K10: 161 | L10: 2 | N10: 154 | O10: 6 | P10: 171 | Q10: 4 | AS10: WIZZAIR MALTA | AV10: =COUNTA(I6:I36,N6:N36) -> 28 | AW10: =I38+N38 -> 4577 | AX10: =K38+P38 -> 4446 | AY10: =SUM(AW10:AX10) -> 9023
B11: 6 DECEMBAR | AS11: LUMIWINGS | AV11: =COUNTA(S6:S36,X6:X36,AC6:AC36,AH6:AH36,AM6:AM36) -> 20 | AW11: =S38+X38+AC38+AH38+AM38 -> 647 | AX11: =U38+Z38+AE38+AJ38+AO38 -> 1314 | AY11: =SUM(AW11:AX11) -> 1961
B12: 7 DECEMBAR | I12: 162 | J12: 5 | K12: 176 | L12: 8 | N12: 152 | O12: 1 | P12: 133 | Q12: 7 | AV12: =SUM(AV9:AV11) -> 60 | AW12: =SUM(AW9:AW11) -> 7354 | AX12: =SUM(AX9:AX11) -> 8063 | AY12: =SUM(AY9:AY11) -> 15417
B13: 8 DECEMBAR | D13: 204 | E13: 4 | F13: 204 | G13: 3
B14: 9 DECEMBAR | I14: 164 | J14: 2 | K14: 173 | L14: 3 | N14: 152 | O14: 3 | P14: 154 | Q14: 6
B15: 10 DECEMBAR | N15: 152 | O15: 4 | P15: 162 | Q15: 4
B16: 11 DECEMBAR | D16: 197 | E16: 3 | F16: 191 | G16: 8
B17: 12 DECEMBAR | I17: 172 | J17: 3 | K17: 173 | L17: 8 | N17: 167 | O17: 8 | P17: 169 | Q17: 4
B18: 13 DECEMBAR | D18: 136 | E18: 3 | F18: 168 | G18: 5
B19: 14 DECEMBAR | I19: 173 | J19: 3 | K19: 170 | L19: 4 | N19: 166 | O19: 6 | P19: 167 | Q19: 10
B20: 15 DECEMBAR | D20: 194 | E20: 2 | F20: 213 | G20: 6
B21: 16 DECEMBAR | I21: 169 | J21: 3 | K21: 165 | L21: 3 | N21: 160 | O21: 1 | P21: 173 | Q21: 9
B22: 17 DECEMBAR
B23: 18 DECEMBAR | D23: 140 | E23: 2 | F23: 161 | G23: 1 | S23: 28 | T23: 0 | U23: 66 | V23: 0 | X23: 16 | Y23: 0 | Z23: 51 | AA23: 1
B24: 19 DECEMBAR | I24: 158 | J24: 0 | K24: 164 | L24: 3 | N24: 148 | O24: 2 | P24: 156 | Q24: 6 | AC24: 21 | AD24: 0 | AE24: 34 | AF24: 1
B25: 20 DECEMBAR | D25: 138 | E25: 3 | F25: 216 | G25: 0 | AH25: 11 | AI25: 0 | AJ25: 61 | AK25: 1 | AM25: 13 | AN25: 0 | AO25: 57 | AP25: 2
B26: 21 DECEMBAR | I26: 152 | J26: 4 | K26: 167 | L26: 6 | N26: 146 | O26: 4 | P26: 0 | Q26: 0 | AC26: 15 | AD26: 1 | AE26: 81 | AF26: 0
B27: 22 DECEMBAR | D27: 150 | E27: 2 | F27: 176 | G27: 2 | S27: 33 | T27: 0 | U27: 101 | V27: 3 | X27: 21 | Y27: 0 | Z27: 103 | AA27: 2
B28: 23 DECEMBAR | I28: 159 | J28: 1 | K28: 174 | L28: 2 | N28: 164 | O28: 5 | P28: 172 | Q28: 3 | AM28: 22 | AN28: 0 | AO28: 99 | AP28: 3
B29: 24 DECEMBAR | AH29: 24 | AI29: 0 | AJ29: 85 | AK29: 0
B30: 25 DECEMBAR | D30: 152 | E30: 4 | F30: 168 | G30: 1 | S30: 33 | T30: 1 | U30: 92 | V30: 2 | X30: 30 | Y30: 1 | Z30: 72 | AA30: 1
B31: 26 DECEMBAR | I31: 168 | J31: 2 | K31: 175 | L31: 4 | N31: 155 | O31: 2 | P31: 178 | Q31: 3 | AC31: 21 | AD31: 0 | AE31: 77 | AF31: 0
B32: 27 DECEMBAR | D32: 204 | E32: 1 | F32: 223 | G32: 4 | AH32: 39 | AI32: 1 | AJ32: 45 | AK32: 0 | AM32: 32 | AN32: 1 | AO32: 46 | AP32: 0
B33: 28 DECEMBAR | I33: 168 | J33: 5 | K33: 171 | L33: 1 | N33: 159 | O33: 3 | P33: 165 | Q33: 4 | AC33: 30 | AD33: 1 | AE33: 50 | AF33: 1
B34: 29 DECEMBAR | D34: 166 | E34: 2 | F34: 160 | G34: 4 | S34: 81 | T34: 0 | U34: 62 | V34: 0 | X34: 50 | Y34: 0 | Z34: 44 | AA34: 0
B35: 30 DECEMBAR | I35: 159 | J35: 3 | K35: 167 | L35: 2 | N35: 157 | O35: 4 | P35: 154 | Q35: 3 | AM35: 63 | AN35: 1 | AO35: 50 | AP35: 0
B36: 31 DECEMBAR | AH36: 57 | AI36: 0 | AJ36: 21 | AK36: 0
D37: =SUM(D6:D36) -> 2101 | E37: =SUM(E6:E36) -> 29 | F37: =SUM(F6:F36) -> 2262 | G37: =SUM(G6:G36) -> 41 | I37: =SUM(I6:I36) -> 2128 | J37: =SUM(J6:J36) -> 33 | K37: =SUM(K6:K36) -> 2202 | L37: =SUM(L6:L36) -> 54 | N37: =SUM(N6:N36) -> 2361 | O37: =SUM(O6:O36) -> 55 | P37: =SUM(P6:P36) -> 2119 | Q37: =SUM(Q6:Q36) -> 71 | S37: =SUM(S6:S36) -> 175 | T37: =SUM(T6:T36) -> 1 | U37: =SUM(U6:U36) -> 321 | V37: =SUM(V6:V36) -> 5 | X37: =SUM(X6:X36) -> 117 | Y37: =SUM(Y6:Y36) -> 1 | Z37: =SUM(Z6:Z36) -> 270 | AA37: =SUM(AA6:AA36) -> 4 | AC37: =SUM(AC6:AC36) -> 87 | AD37: =SUM(AD6:AD36) -> 2 | AE37: =SUM(AE6:AE36) -> 242 | AF37: =SUM(AF6:AF36) -> 2 | AH37: =SUM(AH6:AH36) -> 131 | AI37: =SUM(AI6:AI36) -> 1 | AJ37: =SUM(AJ6:AJ36) -> 212 | AK37: =SUM(AK6:AK36) -> 1 | AM37: =SUM(AM6:AM36) -> 130 | AN37: =SUM(AN6:AN36) -> 2 | AO37: =SUM(AO6:AO36) -> 252 | AP37: =SUM(AP6:AP36) -> 5
D38: =SUM(D37:E37) -> 2130 | F38: =SUM(F37:G37) -> 2303 | I38: =SUM(I37:J37) -> 2161 | K38: =SUM(K37+L37) -> 2256 | N38: =SUM(N37:O37) -> 2416 | P38: =SUM(P37:Q37) -> 2190 | S38: =SUM(S37:T37) -> 176 | U38: =SUM(U37:V37) -> 326 | X38: =SUM(X37:Y37) -> 118 | Z38: =SUM(Z37:AA37) -> 274 | AC38: =SUM(AC37:AD37) -> 89 | AE38: =SUM(AE37:AF37) -> 244 | AH38: =SUM(AH37:AI37) -> 132 | AJ38: =SUM(AJ37:AK37) -> 213 | AM38: =SUM(AM37:AN37) -> 132 | AO38: =SUM(AO37:AP37) -> 257
D41: =D38 -> 2130 | F41: =F38 -> 2303 | I41: =I38 -> 2161 | K41: =K38 -> 2256 | N41: =N38 -> 2416 | P41: =P38 -> 2190 | S41: =S38 -> 176 | U41: =U38 -> 326 | X41: =X38 -> 118 | Z41: =Z38 -> 274 | AC41: =AC38 -> 89 | AE41: =AE38 -> 244 | AH41: =AH38 -> 132 | AJ41: =AJ38 -> 213 | AM41: =AM38 -> 132 | AO41: =AO38 -> 257
K43: =#REF! -> #REF!

Sheet Vanredni promet
E5: PUTNICI | G5: TERET (u tonama) | I5: RUTA | K5: KOMPANIJA | L5: TIP OPERACIJE
C6: Datum | D6: Br. Operacija | E6: Ukrcano | F6: Iskrcano | G6: Utovareno | H6: Istovareno | M6: D adt | N6: kg
C7: 45261 | D7: 2 | E7: 169 | F7: 182 | G7: 0 | H7: 0 | I7: SAW-TZL-SAW | K7: PEGASUS | L7: DIVERTOVANI | M7: 169
C8: 45261 | D8: 2 | E8: 165 | F8: 183 | G8: 0 | H8: 0 | I8: SAW-TZL-SAW | K8: PEGASUS | L8: DIVERTOVANI | M8: 164
C9: 45262 | D9: 2 | E9: 0 | F9: 0 | G9: 3.5 | H9: 0 | I9: TZL-SHJ | K9: BLUEBIRD NORDICK | L9: CARGO | N9: 3450
C10: 45263 | D10: 2 | E10: 160 | F10: 179 | G10: 0 | H10: 0 | I10: SAW-TZL-SAW | K10: PEGASUS | L10: DIVERTOVANI | M10: 158
C11: 45264
C12: 45265
C13: 45266
C14: 45267
C15: 45268
C16: 45269 | D16: 1 | E16: 0 | F16: 2 | G16: 0 | H16: 0 | I16: LJU-TZL | K16: DELIĆ AIR DOO | L16: GP | M16: 2
C17: 45270 | D17: 1 | E17: 2 | F17: 0 | G17: 0 | H17: 0 | I17: TZL-LJU | K17: DELIĆ AIR DOO | L17: GP | M17: 2
C18: 45270 | D18: 2 | E18: 0 | F18: 167 | G18: 0 | H18: 0 | I18: DTM-TZL-DTM | K18: WIZZAIR | L18: DIVERTOVANI
C19: 45271 | D19: 2 | E19: 0 | F19: 173 | G19: 0 | H19: 0 | I19: SAW-TZL-SAW | K19: PEGASUS | L19: DIVERTOVANI
C20: 45271 | D20: 2 | E20: 0 | F20: 36 | G20: 0 | H20: 0 | I20: JED-TZL-JED | K20: FLYNAS | L20: DIVERTOVANI
C21: 45272 | D21: 2 | E21: 3 | F21: 0 | G21: 0 | H21: 0 | I21: IST-TZL-IST | K21: SOS AMBULANCE | L21: MEDEVAC | M21: 2
C22: 45273 | D22: 2 | E22: 204 | F22: 238 | G22: 0 | H22: 0 | I22: SAW-TZL-SAW | K22: PEGASUS | L22: DIVERTOVANI | M22: 203
C23: 45274
C24: 45275
C25: 45276
C26: 45277
C27: 45278
C28: 45279 | D28: 2 | E28: 123 | F28: 171 | G28: 0 | H28: 0 | I28: SAW-TZL-SAW | K28: PEGASUS | L28: DIVERTOVANI | M28: 121
C29: 45279 | D29: 2 | E29: 142 | F29: 178 | G29: 0 | H29: 0 | I29: SAW-TZL-SAW | K29: PEGASUS | L29: DIVERTOVANI | M29: 137
C30: 45279 | D30: 2 | E30: 0 | F30: 0 | G30: 0 | H30: 2.2 | I30: ZAG-TZL-ZAG | K30: ICAR AIR | L30: CARGO
C31: 45281
C32: 45282
C33: 45283
C34: 45284
C35: 45285
C36: 45286
C37: 45287
C38: 45288
C39: 45289
C40: 45290
C41: 45291 | D41: 2 | E41: 1 | F41: 0 | G41: 0 | H41: 0 | I41: HRG-TZL-HAM | K41: AERO-DIENST GMBH | L41: MEDEVAC | M41: 1
D42: =SUM(D7:D41) -> 28 | E42: =SUM(E7:E41) -> 969 | F42: =SUM(F7:F41) -> 1509 | G42: =SUM(G7:G41) -> 3.5 | H42: =SUM(H7:H41) -> 2.2

Sheet Ostala slijetanja
E5: PUTNICI | G5: TERET (u tonama) | I5: RUTA | K5: KOMPANIJA | L5: TIP OPERACIJE
C6: Datum | D6: Br. Letova | E6: Ukrcano | F6: Iskrcano | G6: Utovareno | H6: Istovareno
C7: 45261
C8: 45262
C9: 45263
C10: 45264
C11: 45265
C12: 45266
C13: 45267
C14: 45268
C15: 45269
C16: 45270
C17: 45271
C18: 45272
... C22: 45276
C23: 45277 | D23: 1 | F23: 0 | G23: 0 | H23: 0 | I23: FOG-TZL | K23: LUMIWINGS S.A | L23: T
C24: 45278
C25: 45279
C26: 45279 | D26: 2 | E26: 0 | F26: 4 | G26: 0 | H26: 0 | I26: BTS-TZL | K26: GERMANY AIR FORCE
C27: 45280
C28: 45281
C29: 45282
C30: 45283
C31: 45284
C32: 45285 | D32: 2 | E32: 0 | F32: 0 | G32: 0 | H32: 0 | I32: BEG-TZL-BEG | K32: HELIMASTER | L32: T
C33: 45286
C34: 45287
C35: 45288
C36: 45289
C37: 45290
C38: 45291
D39: =SUM(D7:D37) -> 5 | E39: =SUM(E7:E37) -> 0 | F39: =SUM(F7:F37) -> 4 | G39: =SUM(G7:G37) -> 0 | H39: =SUM(H7:H37) -> 0

Sheet Izvještaj za fakturisanje
B9: Izvještaj o broju odlazećih putnika WIZZAIR za mjesec DECEMBAR 2023. godine
C14: Destinacija | F14: Broj letova | H14: Broj putnika
B16: WIZZ AIR HUNGARY LTD
B17: 1. | C17: Basel Mulhouse (MLH) | F17: =COUNTA('Redovni promet'!D6:D35) -> 12 | H17: =SUM('Redovni promet'!D6:D35) -> 2101
F18: =SUM(F17:G17) -> 12 | H18: =SUM(H17:I17) -> 2101
B20: WIZZ AIR MALTA
B21: 1. | C21: Dortmund (DTM) | F21: =COUNTA('Redovni promet'!I6:I35) -> 13 | H21: =SUM('Redovni promet'!I6:I36) -> 2128
B22: 3. | C22: Memmingen (FMM) | F22: =COUNTA('Redovni promet'!N6:N36) -> 15 | H22: =SUM('Redovni promet'!N6:N35) -> 2361
F23: =SUM(F21:G22) -> 28 | H23: =SUM(H21:I22) -> 4489
C25: UKUPNO: | F25: =F18+F23 -> 40 | H25: =H18+H23 -> 6590
B31: Izvještaj pripremio:
B34: Operativni centar JP "MAT" d.o.o.

Sheet UKUPNO
G6: PUTNICI | N6: TERET
E7: Broj letova | G7: Ukrcano | I7: Iskrcano | K7: Ukupno | N7: Utovareno | P7: Istovareno | R7: Ukupno
C8: Redovni promet | E8: ='Redovni promet'!AV12 -> 60 | G8: ='Redovni promet'!AW12 -> 7354 | I8: ='Redovni promet'!AX12 -> 8063 | K8: =SUM(G8:J8) -> 15417 | N8: 0 | P8: 0 | R8: 0
C9: Vanredni promet | E9: ='Vanredni promet'!D42/2 -> 14 | G9: ='Vanredni promet'!E42 -> 969 | I9: ='Vanredni promet'!F42 -> 1509 | K9: =SUM(G9:J9) -> 2478 | N9: ='Vanredni promet'!G42 -> 3.5 | P9: ='Vanredni promet'!H42 -> 2.2 | R9: =SUM(N9:Q9) -> 5.7
C10: Ostala slijetanja | E10: ='Ostala slijetanja'!D39 -> 5 | G10: ='Ostala slijetanja'!E39 -> 0 | I10: ='Ostala slijetanja'!F39 -> 4 | K10: =SUM(G10:J10) -> 4 | N10: ='Ostala slijetanja'!G39 -> 0 | P10: ='Ostala slijetanja'!H39 -> 0 | R10: =SUM(N10:Q10) -> 0
C12: UKUPNO | E12: =SUM(E8:F10) -> 79 | G12: =SUM(G8:H10) -> 8323 | I12: =SUM(I8:J10) -> 9576 | K12: =SUM(K8:L10) -> 17899 | N12: =SUM(N8:O10) -> 3.5 | P12: =SUM(P8:Q10) -> 2.2 | R12: =SUM(R8:S10) -> 5.7

Sheet Sheet1
C5: DECEMBAR 2023 | K5: 2023
E6: PUTNICI | M6: PUTNICI
D7: Broj letova | E7: Ukrcano | F7: Iskrcano | G7: Ukupno | L7: Broj letova | M7: Ukrcano | N7: Iskrcano | O7: Ukupno
B8: Redovni promet | D8: 60 | E8: 7354 | F8: 8063 | G8: 15417 | J8: Redovni promet | L8: 1795 | M8: 290359 | N8: 275119 | O8: 565478
B9: WIZZ AIR HUNGARY LTD | D9: 12 | E9: 2130 | F9: 2303 | G9: 4433 | J9: WIZZ AIR HUNGARY LTD | L9: 1539 | M9: 256380 | N9: 247009 | O9: 503389
B10: WIZZAIR MALTA | D10: 28 | E10: 4577 | F10: 4446 | G10: 9023 | J10: WIZZAIR MALTA | L10: 87 | M10: 15235 | N10: 10095 | O10: 25330
B11: LUMIWINGS | D11: 20 | E11: 647 | F11: 1314 | G11: 1961 | J11: LUMIWINGS | L11: 20 | M11: 647 | N11: 1314 | O11: 1961
B12: Vanredni promet | D12: 14 | E12: 969 | F12: 1509 | G12: 2478 | J12: RYANAIR | L12: 149 | M12: 18097 | N12: 16701 | O12: 34798
B13: Ostala slijetanja | D13: 5 | E13: 0 | F13: 4 | G13: 4 | J13: Vanredni promet | L13: 120 | M13: 7496 | N13: 9373 | O13: 16869
J14: Ostala slijetanja | L14: 89 | M14: 16 | N14: 435 | O14: 451
B15: UKUPNO | D15: 79 | E15: 8323 | F15: 9576 | G15: 17899
J16: UKUPNO | L16: 2004 | M16: 297871 | N16: 284927 | O16: 582798
E17: TERET
D18: Utovareno | E18: Istovareno | F18: Ukupno | M18: TERET
D19: 3.5 | E19: 2.2 | F19: 5.7 | L19: Utovareno | M19: Istovareno | N19: Ukupno
L20: 3.5 | M20: 11.4 | N20: 14.9
