Workbook

Sheet Redovni promet
E2: WIZZ AIR HUNGARY (W6) | T2: WIZZAIR MALTA (W4) | AI2: PEGASUS | AN2: AJET
E4: FMM | J4: MLH | O4: DTM | T4: DTM | Y4: FMM | AD4: VIE | AI4: SAW | AN4: SAW
B5: Datum | C5: Dan | E5: Ukrcano | G5: Iskrcano | J5: Ukrcano | L5: Iskrcano | O5: Ukrcano | Q5: Iskrcano | T5: Ukrcano | V5: Iskrcano | Y5: Ukrcano | AA5: Iskrcano | AD5: Ukrcano | AF5: Iskrcano | AI5: Ukrcano | AK5: Iskrcano | AN5: Ukrcano | AP5: Iskrcano
B6: 45931 | C6: srijeda | J6: 82 | K6: 0 | L6: 180 | M6: 2 | T6: 151 | U6: 1 | V6: 170 | W6: 5 | Y6: 161 | Z6: 2 | AA6: 170 | AB6: 4 | AD6: 129 | AE6: 2 | AF6: 158 | AG6: 1
B7: 45932 | C7: četvrtak | O7: 205 | P7: 5 | Q7: 229 | R7: 5 | AX7: BR.LETOVA | AY7: UKRCANO | AZ7: ISKRCANO | BA7: UKUPNO
B8: 45933 | C8: petak | J8: 213 | K8: 3 | L8: 229 | M8: 1 | O8: 170 | P8: 5 | Q8: 175 | R8: 1 | Y8: 179 | Z8: 4 | AA8: 179 | AB8: 2 | AI8: 176 | AJ8: 2 | AK8: 105 | AL8: 2 | AU8: WIZZ AIR HUNGARY LTD | AX8: =COUNTA(E6:E36,J6:J36,O6:O36) -> 15 | AY8: =SUM(J37+K37+O37+P37+E37+F37) -> 3117 | AZ8: =SUM(L37+M37+Q37+R37) -> 3530 | BA8: =SUM(AY8:AZ8) -> 6647
B9: 45934 | C9: subota | J9: 239 | K9: 5 | L9: 239 | M9: 3 | O9: 228 | P9: 6 | Q9: 227 | R9: 5 | Y9: 174 | Z9: 3 | AA9: 180 | AB9: 5 | AD9: 151 | AE9: 4 | AF9: 154 | AG9: 5 | AU9: WIZZAIR MALTA | AX9: =COUNTA(Y6:Y36,AD6:AD36,T6:T36) -> 22 | AY9: =Y37+AD37+T37+U37+Z37+AE37 -> 3795 | AZ9: =AA37+AF37+V37+AB37+W37+AG37 -> 3796 | BA9: =SUM(AY9:AZ9) -> 7591
B10: 45935 | C10: nedjelja | T10: 179 | U10: 2 | V10: 175 | W10: 2 | Y10: 180 | Z10: 2 | AA10: 177 | AB10: 3 | AU10: PEGASUS | AX10: =COUNTA(AI6:AI35) -> 2 | AY10: =AI37+AJ37 -> 342 | AZ10: =AK37+AL37 -> 227 | BA10: =SUM(AY10:AZ10) -> 569
B11: 45936 | C11: ponedjeljak | J11: 239 | K11: 1 | L11: 238 | M11: 11 | T11: 176 | U11: 3 | V11: 163 | W11: 1 | Y11: 184 | Z11: 2 | AA11: 170 | AB11: 2 | AN11: 160 | AO11: 1 | AP11: 186 | AQ11: 1 | AU11: AJET | AX11: =COUNTA(AN6:AN35) -> 2 | AY11: =AN37+AO37 -> 270 | AZ11: =AP37+AQ37 -> 322 | BA11: =SUM(AY11:AZ11) -> 592
B12: 45937 | C12: utorak | J12: 204 | K12: 2 | L12: 146 | M12: 2 | O12: 197 | P12: 3 | Q12: 225 | R12: 7 | Y12: 196 | Z12: 2 | AA12: 186 | AB12: 6 | AU12: UKUPNO | AX12: =SUM(AX8:AX11) -> 41 | AY12: =SUM(AY8:AY11) -> 7524 | AZ12: =SUM(AZ8:AZ11) -> 7875 | BA12: =SUM(BA8:BA11) -> 15399
B13: 45938 | C13: srijeda | J13: 167 | K13: 1 | L13: 155 | M13: 2 | T13: 167 | U13: 6 | V13: 169 | W13: 5 | Y13: 174 | Z13: 3 | AA13: 171 | AB13: 9 | AD13: 132 | AE13: 7 | AF13: 127 | AG13: 3
B14: 45939 | C14: četvrtak | O14: 187 | P14: 7 | Q14: 224 | R14: 5
B15: 45940 | C15: petak | J15: 235 | K15: 4 | L15: 239 | M15: 3 | T15: 166 | U15: 2 | V15: 180 | W15: 2 | Y15: 181 | Z15: 5 | AA15: 186 | AB15: 4 | AI15: 162 | AJ15: 2 | AK15: 118 | AL15: 2
B16: 45941 | C16: subota | J16: 239 | K16: 3 | L16: 231 | M16: 1 | O16: 218 | P16: 3 | Q16: 238 | R16: 3 | Y16: 180 | AA16: 180 | AB16: 4 | AD16: 159 | AE16: 3 | AF16: 164 | AG16: 4
B17: 45942 | C17: nedjelja | T17: 181 | U17: 0 | V17: 181 | W17: 1 | Y17: 171 | Z17: 2 | AA17: 179 | AB17: 3
B18: 45943 | C18: ponedjeljak | J18: 239 | K18: 7 | L18: 195 | M18: 4 | T18: 180 | U18: 1 | V18: 178 | W18: 2 | Y18: 185 | Z18: 3 | AA18: 121 | AB18: 5 | AN18: 109 | AO18: 0 | AP18: 135 | AQ18: 0
B19: 45944 | C19: utorak | L19: 70 | M19: 0 | Q19: 231 | R19: 4
B20: 45945 | C20: srijeda
B21: 45946 | C21: četvrtak
B22: 45947 | C22: petak
B23: 45948 | C23: subota
B24: 45949 | C24: nedjelja
B25: 45950 | C25: ponedjeljak
B26: 45951 | C26: utorak
B27: 45952 | C27: srijeda
B28: 45953 | C28: četvrtak
B29: 45954 | C29: petak
B30: 45955 | C30: subota
B31: 45956 | C31: nedjelja
... B35: 45960 | C35: četvrtak
E37: =SUM(E6:E36) -> 0 | F37: =SUM(F6:F36) -> 0 | G37: =SUM(G6:G36) -> 0 | H37: =SUM(H6:H36) -> 0 | J37: =SUM(J6:J36) -> 1857 | K37: =SUM(K6:K36) -> 26 | L37: =SUM(L6:L36) -> 1922 | M37: =SUM(M6:M36) -> 29 | O37: =SUM(O6:O36) -> 1205 | P37: =SUM(P6:P36) -> 29 | Q37: =SUM(Q6:Q36) -> 1549 | R37: =SUM(R6:R36) -> 30 | T37: =SUM(T6:T36) -> 1200 | U37: =SUM(U6:U36) -> 15 | V37: =SUM(V6:V36) -> 1216 | W37: =SUM(W6:W36) -> 18 | Y37: =SUM(Y6:Y36) -> 1965 | Z37: =SUM(Z6:Z36) -> 28 | AA37: =SUM(AA6:AA36) -> 1899 | AB37: =SUM(AB6:AB36) -> 47 | AD37: =SUM(AD6:AD36) -> 571 | AE37: =SUM(AE6:AE36) -> 16 | AF37: =SUM(AF6:AF36) -> 603 | AG37: =SUM(AG6:AG36) -> 13 | AI37: =SUM(AI6:AI36) -> 338 | AJ37: =SUM(AJ6:AJ36) -> 4 | AK37: =SUM(AK6:AK36) -> 223 | AL37: =SUM(AL6:AL36) -> 4 | AN37: =SUM(AN6:AN36) -> 269 | AO37: =SUM(AO6:AO36) -> 1 | AP37: =SUM(AP6:AP36) -> 321 | AQ37: =SUM(AQ6:AQ36) -> 1
E38: =SUM(E37:F37) -> 0 | G38: =SUM(G37:H37) -> 0 | J38: =SUM(J37:K37) -> 1883 | L38: =SUM(L37+M37) -> 1951 | O38: =SUM(O37:P37) -> 1234 | Q38: =SUM(Q37:R37) -> 1579 | T38: =SUM(T37:U37) -> 1215 | V38: =SUM(V37+W37) -> 1234 | Y38: =SUM(Y37:Z37) -> 1993 | AA38: =SUM(AA37:AB37) -> 1946 | AD38: =SUM(AD37:AE37) -> 587 | AF38: =SUM(AF37:AG37) -> 616 | AI38: =SUM(AI37:AJ37) -> 342 | AK38: =SUM(AK37:AL37) -> 227 | AN38: =SUM(AN37:AO37) -> 270 | AP38: =SUM(AP37:AQ37) -> 322
J41: =J38 -> 1883 | L41: =L38 -> 1951 | T41: =T38 -> 1215 | V41: =V38 -> 1234 | Y41: =Y38 -> 1993 | AA41: =AA38 -> 1946 | AI41: =AI38 -> 342 | AK41: =AK38 -> 227 | AN41: =AN38 -> 270 | AP41: =AP38 -> 322
V43: =#REF! -> #REF!

Sheet Vanredni promet
I3: SAMO CARGO TEŽINE
E4: PUTNICI | I4: TERET (u tonama) | K4: RUTA | M4: KOMPANIJA | N4: TIP OPERACIJE | O4: PUTNICI U TRANZITU
C5: Datum | D5: Br. Operacija | E5: Ukrcano | F5: INF | G5: Iskrcano | H5: INF | I5: Utovareno | J5: Istovareno
C6: 45931
C7: 45932
C8: 45933
C9: 45934
C10: 45935
C11: 45936
C12: 45937 | D12: 2 | E12: 1 | F12: 1 | G12: 0 | H12: 0 | K12: ZRH-TZL-ZRH | M12: SWISS AIR AMBULANCE LTD | N12: H
C13: 45938
C14: 45939
C15: 45940 | D15: 2 | E15: 2 | F15: 0 | G15: 0 | H15: 0 | I15: 0 | J15: 0 | K15: SPU-TZL-ZRH | M15: SWISS AIR AMBULANCE LTD | N15: H | O15: 1
C16: 45941
C17: 45942
C18: 45943
C19: 45944
C20: 45945
C21: 45946
C22: 45947
C23: 45948
C24: 45949
C25: 45950
C26: 45951
C27: 45952
... C35: 45960

Sheet DOMESTIC FLIGHT
D4: PUTNICI | H4: TERET (u tonama) | J4: RUTA | L4: KOMPANIJA | M4: TIP OPERACIJE
B5: Datum | C5: Br. Operacija | D5: Ukrcano | E5: INF | F5: Iskrcano | G5: INF | H5: Utovareno | I5: Istovareno
B6: 45931
B7: 45932
B8: 45933
B9: 45934
B10: 45935
B11: 45936
B12: 45937
B13: 45938
B14: 45939
B15: 45940
B16: 45941
B17: 45942
... B35: 45960
C37: =SUM(C6:C36) -> 0 | D37: =SUM(D6:D36) -> 0 | E37: =SUM(E6:E36) -> 0 | F37: =SUM(F6:F36) -> 0 | G37: =SUM(G6:G36) -> 0 | H37: =SUM(H6:H36) -> 0 | I37: =SUM(I6:I36) -> 0

Sheet Ostala slijetanja
E5: PUTNICI | G5: TERET (u tonama) | I5: RUTA | K5: KOMPANIJA | L5: TIP OPERACIJE
C6: Datum | D6: Br. Operacija | E6: Ukrcano | F6: Iskrcano | G6: Utovareno | H6: Istovareno
C7: 45931
C8: 45932
C9: 45933
C10: 45934
C11: 45935
C12: 45936
C13: 45937
C14: 45938
C15: 45939
C16: 45940
C17: 45941
C18: 45942
... C36: 45960
D38: =SUM(D7:D36) -> 0 | E38: =SUM(E7:E36) -> 0 | F38: =SUM(F7:F36) -> 0 | G38: =SUM(G7:G36) -> 0 | H38: =SUM(H7:H36) -> 0

Sheet Izvještaj za fakturisanje WZZ
B9: Izvještaj o broju odlazećih putnika WIZZAIR za mjesec OKTOBAR 2025. godine
C14: Destinacija | F14: Broj letova | H14: Broj putnika
B16: WIZZ AIR HUNGARY LTD
B17: 1. | C17: Basel Mulhouse (MLH) | F17: =COUNTA('Redovni promet'!J6:J36) -> 9 | H17: ='Redovni promet'!J37 -> 1857
B18: 2. | C18: Memmingen (FMM) | F18: =COUNTA('Redovni promet'!E6:E36) -> 0 | H18: ='Redovni promet'!E37 -> 0
B19: 3. | C19: Dortmund (DTM) | F19: =COUNTA('Redovni promet'!O6:O36) -> 6 | H19: ='Redovni promet'!O37 -> 1205
F20: =SUM(F17:G19) -> 15 | H20: =SUM(H17:I19) -> 3062
B22: WIZZ AIR MALTA
B23: 1. | C23: Dortmund (DTM) | F23: =COUNTA('Redovni promet'!T6:T36) -> 7 | H23: ='Redovni promet'!T37 -> 1200
B24: 2. | C24: Memmingen (FMM) | F24: =COUNTA('Redovni promet'!Y6:Y36) -> 11 | H24: ='Redovni promet'!Y37 -> 1965
B25: 3. | C25: Viena (VIE) | F25: =COUNTA('Redovni promet'!AD6:AD36) -> 4 | H25: ='Redovni promet'!AD37 -> 571
F26: =SUM(F23:G24) -> 18 | H26: =SUM(H23:I25) -> 3736
C28: UKUPNO: | F28: =F20+F26 -> 33 | H28: =H20+H26 -> 6798
B34: Izvještaj pripremio:
B37: Operativni centar JP "MAT" d.o.o.

Sheet Izvještaj za fakturisanje PGT
C9: PEGASUS AIRLINES
B14: Izvještaj o broju odlazećih putnika za mjesec OKTOBAR 2025. godine
C20: Destinacija | F20: Broj letova | H20: Broj putnika
B23: 1. | C23: Istanbul S.Gokcen (SAW) | F23: =COUNTA('Redovni promet'!AI6:AI36) -> 2 | H23: ='Redovni promet'!AI37 -> 338
C25: UKUPNO: | F25: =SUM(F23:G23) -> 2 | H25: =SUM(H23:I23) -> 338
B37: Izvještaj pripremio:
B40: Operativni centar JP "MAT" d.o.o.

Sheet Izvještaj za fakturisanje Ryana
C9: RYANAIR AIRLINES
B14: Izvještaj o broju odlazećih putnika za mjesec OKTOBAR 2025. godine | M14: Izvještaj o broju dolazećih putnika za mjesec OKTOBAR 2025. godine
C20: Destinacija | F20: Broj letova | H20: Broj putnika | N20: Destinacija | Q20: Broj letova | S20: Broj putnika
B23: 1. | C23: Memmingen (FMM) | M23: 1. | N23: Memmingen (FMM)
M24: 2. | N24: Gothenborg (GOT)
C25: UKUPNO: | H25: =SUM(H23:I23) -> 0 | M25: 3. | N25: Stockholm (NYO)
N28: UKUPNO:
B37: Izvještaj pripremio:
B40: Operativni centar JP "MAT" d.o.o.

Sheet Izvještaj za fakturisanje TKJ
C9: AJET AIRLINES
B14: Izvještaj o broju odlazećih putnika za mjesec OKTOBAR 2025. godine
C20: Destinacija | F20: Broj letova | H20: Broj putnika
B23: 1. | C23: Istanbul S.Gokcen (SAW) | F23: =COUNTA('Redovni promet'!AN6:AN36) -> 2 | H23: ='Redovni promet'!AN37 -> 269
C25: UKUPNO: | F25: =SUM(F23:G23) -> 2 | H25: =SUM(H23:I23) -> 269
B37: Izvještaj pripremio:
B40: Operativni centar JP "MAT" d.o.o.

Sheet UKUPNO
G6: PUTNICI | N6: TERET
E7: Broj letova | G7: Ukrcano | I7: Iskrcano | K7: Ukupno | N7: Utovareno | P7: Istovareno | R7: Ukupno
C8: Redovni promet | E8: ='Redovni promet'!AX12 -> 41 | G8: ='Redovni promet'!AY12 -> 7524 | I8: ='Redovni promet'!AZ12 -> 7875 | K8: =SUM(G8:J8) -> 15399 | N8: 0 | P8: 0 | R8: 0
C9: Vanredni promet | E9: =COUNTA('Vanredni promet'!D6:D39) -> 2 | G9: =SUM('Vanredni promet'!E6:F39) -> 4 | I9: =SUM('Vanredni promet'!G6:H39) -> 0 | K9: =SUM(G9:J9) -> 4 | N9: 0 | P9: 0 | R9: =SUM(N9:Q9) -> 0
C10: Ostala slijetanja | E10: ='Ostala slijetanja'!D38/2 -> 0 | G10: ='Ostala slijetanja'!E38 -> 0 | I10: ='Ostala slijetanja'!F38 -> 0 | K10: =SUM(G10:J10) -> 0 | N10: 0 | P10: 0 | R10: =SUM(N10:Q10) -> 0
C12: UKUPNO | E12: =SUM(E8:F10) -> 43 | G12: =SUM(G8:H10) -> 7528 | I12: =SUM(I8:J10) -> 7875 | K12: =SUM(K8:L10) -> 15403 | N12: =SUM(N8:O10) -> 0 | P12: =SUM(P8:Q10) -> 0 | R12: =SUM(R8:S10) -> 0
