Workbook

Sheet Redovni promet
E2: WIZZ AIR HUNGARY (W6) | T2: WIZZAIR MALTA (W4) | AI2: PEGASUS | AN2: AJET
B5: Datum | C5: Dan | E5: Ukrcano | G5: Iskrcano | J5: Ukrcano | L5: Iskrcano | O5: Ukrcano | Q5: Iskrcano | T5: Ukrcano | V5: Iskrcano | Y5: Ukrcano | AA5: Iskrcano | AD5: Ukrcano | AF5: Iskrcano | AI5: Ukrcano | AK5: Iskrcano | AN5: Ukrcano | AP5: Iskrcano
B6: 46023 | C6: četvrtak
B7: 46024 | C7: petak | AX7: BR.LETOVA | AY7: UKRCANO | AZ7: ISKRCANO | BA7: UKUPNO
B8: 46025 | C8: subota | AU8: WIZZ AIR HUNGARY LTD | AX8: =COUNTA(E6:E36,J6:J36,O6:O36) | AY8: =SUM(J37+K37+O37+P37+E37+F37) | AZ8: =SUM(L37+M37+Q37+R37) | BA8: =SUM(AY8:AZ8)
B9: 46026 | C9: nedjelja | AU9: WIZZAIR MALTA | AX9: =COUNTA(Y6:Y36,AD6:AD36,T6:T36) | AY9: =Y37+AD37+T37+U37+Z37+AE37 | AZ9: =AA37+AF37+V37+AB37+W37+AG37 | BA9: =SUM(AY9:AZ9)
B10: 46027 | C10: ponedjeljak | AU10: PEGASUS | AX10: =COUNTA(AI6:AI35) | AY10: =AI37+AJ37 | AZ10: =AK37+AL37 | BA10: =SUM(AY10:AZ10)
B11: 46028 | C11: utorak | AU11: AJET | AX11: =COUNTA(AN6:AN35) | AY11: =AN37+AO37 | AZ11: =AP37+AQ37 | BA11: =SUM(AY11:AZ11)
B12: 46029 | C12: srijeda | AU12: UKUPNO | AX12: =SUM(AX8:AX11) | AY12: =SUM(AY8:AY11) | AZ12: =SUM(AZ8:AZ11) | BA12: =SUM(BA8:BA11)
B13: 46030 | C13: četvrtak
B14: 46031 | C14: petak
B15: 46032 | C15: subota
B16: 46033 | C16: nedjelja
B17: 46034 | C17: ponedjeljak
B18: 46035 | C18: utorak
B19: 46036 | C19: srijeda
B20: 46037 | C20: četvrtak
B21: 46038 | C21: petak
B22: 46039 | C22: subota
B23: 46040 | C23: nedjelja
B24: 46041 | C24: ponedjeljak
... B36: 46053 | C36: subota
E37: =SUM(E6:E36) | F37: =SUM(F6:F36) | G37: =SUM(G6:G36) | H37: =SUM(H6:H36) | J37: =SUM(J6:J36) | K37: =SUM(K6:K36) | L37: =SUM(L6:L36) | M37: =SUM(M6:M36) | O37: =SUM(O6:O36) | P37: =SUM(P6:P36) | Q37: =SUM(Q6:Q36) | R37: =SUM(R6:R36) | T37: =SUM(T6:T36) | U37: =SUM(U6:U36) | V37: =SUM(V6:V36) | W37: =SUM(W6:W36) | Y37: =SUM(Y6:Y36) | Z37: =SUM(Z6:Z36) | AA37: =SUM(AA6:AA36) | AB37: =SUM(AB6:AB36) | AD37: =SUM(AD6:AD36) | AE37: =SUM(AE6:AE36) | AF37: =SUM(AF6:AF36) | AG37: =SUM(AG6:AG36) | AI37: =SUM(AI6:AI36) | AJ37: =SUM(AJ6:AJ36) | AK37: =SUM(AK6:AK36) | AL37: =SUM(AL6:AL36) | AN37: =SUM(AN6:AN36) | AO37: =SUM(AO6:AO36) | AP37: =SUM(AP6:AP36) | AQ37: =SUM(AQ6:AQ36)
E38: =SUM(E37:F37) | G38: =SUM(G37:H37) | J38: =SUM(J37:K37) | L38: =SUM(L37+M37) | O38: =SUM(O37:P37) | Q38: =SUM(Q37:R37) | T38: =SUM(T37:U37) | V38: =SUM(V37+W37) | Y38: =SUM(Y37:Z37) | AA38: =SUM(AA37:AB37) | AD38: =SUM(AD37:AE37) | AF38: =SUM(AF37:AG37) | AI38: =SUM(AI37:AJ37) | AK38: =SUM(AK37:AL37) | AN38: =SUM(AN37:AO37) | AP38: =SUM(AP37:AQ37)
J41: =J38 | L41: =L38 | T41: =T38 | V41: =V38 | Y41: =Y38 | AA41: =AA38 | AI41: =AI38 | AK41: =AK38 | AN41: =AN38 | AP41: =AP38

Sheet Vanredni promet
I3: SAMO CARGO TEŽINE
E4: PUTNICI | I4: TERET (u tonama) | K4: RUTA | M4: KOMPANIJA | N4: TIP OPERACIJE | O4: PUTNICI U TRANZITU
C5: Datum | D5: Br. Operacija | E5: Ukrcano | F5: INF | G5: Iskrcano | H5: INF | I5: Utovareno | J5: Istovareno
C6: 46023
C7: 46024
C8: 46025
C9: 46026
C10: 46027
C11: 46028
C12: 46029
C13: 46030
C14: 46031
C15: 46032
C16: 46033
C17: 46034
... C36: 46053

Sheet DOMESTIC FLIGHT
D4: PUTNICI | H4: TERET (u tonama) | J4: RUTA | L4: KOMPANIJA | M4: TIP OPERACIJE
B5: Datum | C5: Br. Operacija | D5: Ukrcano | E5: INF | F5: Iskrcano | G5: INF | H5: Utovareno | I5: Istovareno
B6: 46023
B7: 46024
B8: 46025
B9: 46026
B10: 46027
B11: 46028
B12: 46029
B13: 46030
B14: 46031
B15: 46032
B16: 46033
B17: 46034
... B36: 46053
C37: =SUM(C6:C36) | D37: =SUM(D6:D36) | E37: =SUM(E6:E36) | F37: =SUM(F6:F36) | G37: =SUM(G6:G36) | H37: =SUM(H6:H36) | I37: =SUM(I6:I36)

Sheet Ostala slijetanja
E5: PUTNICI | G5: TERET (u tonama) | I5: RUTA | K5: KOMPANIJA | L5: TIP OPERACIJE
C6: Datum | D6: Br. Operacija | E6: Ukrcano | F6: Iskrcano | G6: Utovareno | H6: Istovareno
C7: 46023
C8: 46024
C9: 46025
C10: 46026
C11: 46027
C12: 46028
C13: 46029
C14: 46030
C15: 46031
C16: 46032
C17: 46033
C18: 46034
... C37: 46053
D38: =SUM(D7:D36) | E38: =SUM(E7:E36) | F38: =SUM(F7:F36) | G38: =SUM(G7:G36) | H38: =SUM(H7:H36)

Sheet Izvještaj za fakturisanje WZZ
B9: Izvještaj o broju odlazećih putnika WIZZAIR za mjesec JANUAR 2026. godine
C14: Destinacija | F14: Broj letova | H14: Broj putnika
B16: WIZZ AIR HUNGARY LTD
F20: 0 | H20: 0
B22: WIZZ AIR MALTA
F26: 0 | H26: 0
C28: UKUPNO: | F28: 0 | H28: 0
B34: Izvještaj pripremio:
B37: Operativni centar JP "MAT" d.o.o.

Sheet Izvještaj za fakturisanje PGT
C9: PEGASUS AIRLINES
B14: Izvještaj o broju odlazećih putnika za mjesec JANUAR 2026. godine
C20: Destinacija | F20: Broj letova | H20: Broj putnika
B37: Izvještaj pripremio:
B40: Operativni centar JP "MAT" d.o.o.

Sheet Izvještaj za fakturisanje Ryana
C9: RYANAIR AIRLINES
B14: Izvještaj o broju odlazećih putnika za mjesec JANUAR 2026. godine | M14: Izvještaj o broju dolazećih putnika za mjesec JANUAR 2026. godine
C20: Destinacija | F20: Broj letova | H20: Broj putnika | N20: Destinacija | Q20: Broj letova | S20: Broj putnika
B37: Izvještaj pripremio:
B40: Operativni centar JP "MAT" d.o.o.

Sheet Izvještaj za fakturisanje TKJ
C9: AJET AIRLINES
B14: Izvještaj o broju odlazećih putnika za mjesec JANUAR 2026. godine
C20: Destinacija | F20: Broj letova | H20: Broj putnika
B37: Izvještaj pripremio:
B40: Operativni centar JP "MAT" d.o.o.

Sheet UKUPNO
G6: PUTNICI | N6: TERET
E7: Broj letova | G7: Ukrcano | I7: Iskrcano | K7: Ukupno | N7: Utovareno | P7: Istovareno | R7: Ukupno
C8: Redovni promet | E8: ='Redovni promet'!AX12 | G8: ='Redovni promet'!AY12 | I8: ='Redovni promet'!AZ12 | K8: =SUM(G8:J8) | N8: 0 | P8: 0 | R8: 0
C9: Vanredni promet | E9: =COUNTA('Vanredni promet'!D6:D39) | G9: =SUM('Vanredni promet'!E6:F39) | I9: =SUM('Vanredni promet'!G6:H39) | K9: =SUM(G9:J9) | N9: 0 | P9: 0 | R9: =SUM(N9:Q9)
C10: Ostala slijetanja | E10: ='Ostala slijetanja'!D38/2 | G10: ='Ostala slijetanja'!E38 | I10: ='Ostala slijetanja'!F38 | K10: =SUM(G10:J10) | N10: 0 | P10: 0 | R10: =SUM(N10:Q10)
C12: UKUPNO | E12: =SUM(E8:F10) | G12: =SUM(G8:H10) | I12: =SUM(I8:J10) | K12: =SUM(K8:L10) | N12: =SUM(N8:O10) | P12: =SUM(P8:Q10) | R12: =SUM(R8:S10)
